"model","WAIC"
"DeadVeg",84.28460489
"Intercept",85.59399594
"Full",87.70296311
"Grass/Forb",89.8902567918343
