"model","WAIC"
"Grass/Forb",52.4215936281282
"Intercept",53.2905225516289
"DeadVeg",54.3977036448955
"Full",57.2604831375838
