"model","WAIC"
"Full",83.8646681396801
"SpeciesMass",84.4039771096417
"SpeciesSex",85.8187302877363
"HostSpecies",89.2789149164824
"Intercept",91.6365286986575
"Sex",92.3306398963354
"Mass",93.8840500053324
"SexMass",94.3116426980891
