"model","WAIC"
"Grass/Forb",76.9292960976844
"DeadVeg",78.304416910814
"Full",81.6385422240872
"Intercept",82.4350923348028
