"model","WAIC"
"Grass/Forb",79.4271717305356
"Full",79.635492469048
"Intercept",81.953953298472
"DeadVeg",83.5624314695257
